{"count":1,"self":107.4219136,"total":5146.8177768999994,"children":{"InitializeActuators":{"count":10,"self":0.0015,"total":0.0015,"children":null},"InitializeSensors":{"count":10,"self":0.0015000999999999999,"total":0.0015000999999999999,"children":null},"AgentSendState":{"count":181367,"self":3.6863243999999997,"total":6.4390700999999995,"children":{"CollectObservations":{"count":362740,"self":0.2023278,"total":0.2023278,"children":null},"WriteActionMask":{"count":362740,"self":0.094373,"total":0.094373,"children":null},"RequestDecision":{"count":362740,"self":0.44223619999999997,"total":2.4560448,"children":{"AgentInfo.ToProto":{"count":362740,"self":0.3225666,"total":2.0138086,"children":{"GenerateSensorData":{"count":362740,"self":1.4080005,"total":1.691242,"children":{"RayPerceptionSensor.Perceive":{"count":362740,"self":0.2832415,"total":0.2832415,"children":null}}}}}}}}},"DecideAction":{"count":181367,"self":5030.8018176,"total":5030.8018186,"children":null},"AgentAct":{"count":181367,"self":2.1308461999999997,"total":2.1363477,"children":{"AgentInfo.ToProto":{"count":488,"self":0.0004998,"total":0.0055014999999999994,"children":{"GenerateSensorData":{"count":488,"self":0.0040016,"total":0.0050016999999999995,"children":{"RayPerceptionSensor.Perceive":{"count":488,"self":0.0010000999999999999,"total":0.0010000999999999999,"children":null}}}}}}},"AgentInfo.ToProto":{"count":1567,"self":0.0040018,"total":0.014624,"children":{"GenerateSensorData":{"count":1567,"self":0.0096210999999999988,"total":0.0106222,"children":{"RayPerceptionSensor.Perceive":{"count":1567,"self":0.0010011,"total":0.0010011,"children":null}}}}}},"gauges":{"MoveToTarget.CumulativeReward":{"count":2055,"max":10.5998068,"min":-2.36629272,"runningAverage":0.03170748,"value":-0.9999696,"weightedAverage":-0.5999271}},"metadata":{"timer_format_version":"0.1.0","start_time_seconds":"1700686690","unity_version":"2022.3.11f1","command_line_arguments":"D:\\Programy\\Unity\\2022.3.11f1\\Editor\\Unity.exe -projectpath D:\\Dokumenty\\studia\\Semestr 9\\Programowanie imperatywne, obiektowe i deklaratywne\\Projekt\\MazeDiscover -useHub -hubIPC -cloudEnvironment production -licensingIpc LicenseClient-adikx -hubSessionId 6273e61d-1f21-4ad5-9477-fea57377fcd2 -accessToken fXvZCuNF9qJxFlrx-bzxxy2dU4WQL-w2mMlbIw96xQQ001f","communication_protocol_version":"1.5.0","com.unity.ml-agents_version":"2.0.1","scene_name":"SampleScene","end_time_seconds":"1700691837"}}